City,Lat,Long,Max Temp,Humidity,Cloudiness,Wind Speed,Country,Date
jamestown,42.097,-79.2353,67.71,92,0,4.03,US,1656032202
aguas formosas,-17.0822,-40.9358,64.36,94,6,1.1,BR,1656032203
mogadishu,2.0371,45.3438,77.36,78,93,17.31,SO,1656032205
ushuaia,-54.8,-68.3,38.86,81,75,16.11,AR,1656032206
rikitea,-23.1203,-134.9692,75.78,78,5,17.74,PF,1656032207
vaini,-21.2,-175.2,75.36,69,40,8.05,TO,1656032208
longyearbyen,78.2186,15.6401,39.04,65,75,26.46,SJ,1656032209
ilulissat,69.2167,-51.1,34.56,99,100,9.93,GL,1656032210
albany,42.6001,-73.9662,65.39,80,95,1.21,US,1656032211
saskylakh,71.9167,114.0833,53.4,45,99,11.65,RU,1656032212
mount gambier,-37.8333,140.7667,54.23,68,100,6.98,AU,1656032213
bredasdorp,-34.5322,20.0403,52.2,78,18,5.32,ZA,1656032214
cape town,-33.9258,18.4232,57.38,68,20,14.97,ZA,1656032110
ribeira grande,38.5167,-28.7,64.94,87,8,7.7,PT,1656032216
ahipara,-35.1667,173.1667,60.37,79,100,15.05,NZ,1656032217
santa maria del oro,25.9333,-105.3667,82.8,24,48,15.99,MX,1656032218
ponta do sol,32.6667,-17.1,70.0,72,43,5.35,PT,1656032219
chuy,-33.6971,-53.4616,50.47,87,100,4.03,UY,1656032220
firovo,57.4814,33.7021,53.38,74,69,3.13,RU,1656032221
bengkulu,-3.8004,102.2655,76.42,87,52,3.74,ID,1656032223
busselton,-33.65,115.3333,53.37,76,6,3.49,AU,1656032224
mitu,1.1983,-70.1733,71.47,97,17,1.48,CO,1656032225
impfondo,1.6381,18.0667,71.13,96,100,2.89,CG,1656032226
dingzhou,38.5131,114.9956,86.11,13,0,9.69,CN,1656032227
yellowknife,62.456,-114.3525,66.72,32,75,9.22,CA,1656032229
puerto ayora,-0.7393,-90.3518,70.56,94,46,8.01,EC,1656032230
don sak,9.3168,99.6918,82.29,81,100,13.24,TH,1656032232
khatanga,71.9667,102.5,64.22,43,10,13.6,RU,1656032233
karratha,-20.7377,116.8463,73.15,30,0,12.3,AU,1656032234
bolshoye selo,57.7177,38.9334,51.71,72,95,2.35,RU,1656032235
talnakh,69.4865,88.3972,76.21,30,99,3.4,RU,1656032237
olavarria,-36.8927,-60.3225,40.01,68,100,4.41,AR,1656032238
yumen,40.2833,97.2,81.99,16,27,9.75,CN,1656032239
surgut,61.25,73.4167,66.38,88,20,4.47,RU,1656032240
noshiro,40.2039,140.0242,72.43,91,100,10.2,JP,1656032241
avarua,-21.2078,-159.775,75.25,64,75,6.91,CK,1656032242
manokwari,-0.8667,134.0833,83.26,65,35,3.87,ID,1656032243
alghero,40.5589,8.3181,69.89,94,92,1.14,IT,1656032245
koumra,8.9126,17.5539,74.82,80,100,4.76,TD,1656032247
qaanaaq,77.484,-69.3632,35.64,78,6,5.59,GL,1656032248
luis correia,-2.8792,-41.6669,77.18,89,98,9.24,BR,1656032249
thompson,55.7435,-97.8558,64.56,36,40,11.5,CA,1656032250
east london,-33.0153,27.9116,61.79,73,85,23.22,ZA,1656032251
san patricio,28.017,-97.5169,92.53,54,0,13.71,US,1656032252
russell,32.3502,-85.1999,91.11,46,76,7.27,US,1656032253
ileza,61.0533,43.9002,53.56,79,100,3.58,RU,1656032254
deputatskiy,69.3,139.9,41.4,31,8,15.46,RU,1656032255
alice springs,-23.7,133.8833,60.35,44,0,0.0,AU,1656032222
barrow,71.2906,-156.7887,46.06,77,99,4.23,US,1656032258
nikolskoye,59.7035,30.7861,57.09,80,52,4.52,RU,1656032259
kapaa,22.0752,-159.319,82.38,73,5,7.0,US,1656032260
carnarvon,-24.8667,113.6333,66.24,62,0,15.75,AU,1656032261
barra patuca,15.8,-84.2833,79.03,77,100,3.94,HN,1656032262
san carlos,9.6612,-68.5827,75.07,88,71,3.47,VE,1656032263
caucaia,-3.7361,-38.6531,78.75,82,0,3.44,BR,1656032264
kumluca,36.3703,30.2869,81.28,51,58,3.13,TR,1656032265
touros,-5.1989,-35.4608,75.51,89,3,9.06,BR,1656031994
nanortalik,60.1432,-45.2371,40.24,81,100,2.48,GL,1656032267
victor harbor,-35.5667,138.6167,59.0,78,70,11.03,AU,1656032269
hithadhoo,-0.6,73.0833,82.98,68,18,2.24,MV,1656032270
faya,18.3851,42.4509,66.31,57,39,2.75,SA,1656032271
bethel,41.3712,-73.414,67.01,89,100,3.62,US,1656032086
norman wells,65.282,-126.8329,80.64,28,75,12.66,CA,1656032273
punta arenas,-53.15,-70.9167,39.31,70,0,14.97,CL,1656032274
cabo san lucas,22.8909,-109.9124,90.61,63,7,8.01,MX,1656032250
airai,-8.9266,125.4092,64.08,77,90,4.03,TL,1656032276
kodiak,57.79,-152.4072,56.7,79,13,5.75,US,1656032277
bintulu,3.1667,113.0333,75.61,100,40,2.3,MY,1656032278
ocampo,21.65,-101.5,64.26,45,39,18.39,MX,1656032279
sitka,57.0531,-135.33,57.56,89,100,4.56,US,1656032203
sioux lookout,50.1001,-91.917,80.67,47,75,5.75,CA,1656032281
kattivakkam,13.2167,80.3167,82.49,89,100,10.04,IN,1656032282
shingu,33.7333,135.9833,82.76,74,100,13.91,JP,1656032283
souillac,-20.5167,57.5167,70.18,52,75,12.66,MU,1656032284
severo-kurilsk,50.6789,156.125,51.58,80,100,8.81,RU,1656032285
banjar,-8.19,114.9675,80.94,78,100,3.47,ID,1656032287
lompoc,34.6391,-120.4579,85.01,82,75,6.91,US,1656032288
torbay,47.6666,-52.7314,65.17,92,75,14.97,CA,1656032289
katangli,51.7102,143.2326,55.78,80,90,8.37,RU,1656032290
hobyo,5.3505,48.5268,76.35,82,100,20.74,SO,1656032291
dali,25.7,100.1833,63.72,93,100,1.32,CN,1656032292
cidreira,-30.1811,-50.2056,61.45,92,100,5.84,BR,1656032294
leningradskiy,69.3833,178.4167,55.35,50,100,9.15,RU,1656032296
pak phanang,8.3511,100.202,80.62,81,98,12.28,TH,1656032297
kashi,39.4547,75.9797,70.81,37,20,2.24,CN,1656032298
saint george,37.1041,-113.5841,98.64,16,5,10.0,US,1656032299
biak,-0.9131,122.8766,80.85,74,11,3.4,ID,1656032300
los llanos de aridane,28.6585,-17.9182,64.15,84,0,4.0,ES,1656032301
maniitsoq,65.4167,-52.9,40.6,82,100,3.33,GL,1656032302
port alfred,-33.5906,26.891,62.49,83,99,18.7,ZA,1656032303
ostrovnoy,68.0531,39.5131,52.23,94,26,13.2,RU,1656032304
georgetown,5.4112,100.3354,76.98,91,40,5.01,MY,1656032039
saint-francois,46.4154,3.9054,56.64,94,0,3.44,FR,1656032306
fortuna,40.5982,-124.1573,65.93,68,20,8.01,US,1656032307
pouebo,-20.4,164.5667,75.49,72,100,7.94,NC,1656032308
torbat-e jam,35.244,60.6225,79.7,14,0,13.38,IR,1656032309
adrar,20.5022,-10.0711,91.96,16,0,17.47,MR,1656032310
vicuna,-30.0319,-70.7081,51.76,72,100,1.16,CL,1656032311
kyra,49.5776,111.9753,66.49,53,49,4.7,RU,1656032312
thinadhoo,0.5333,72.9333,82.47,70,95,3.36,MV,1656032313
bluff,-46.6,168.3333,49.8,67,55,10.38,NZ,1656032314
hobart,-42.8794,147.3294,53.46,63,40,14.97,AU,1656032049
zabol,32.25,67.25,67.53,25,0,3.67,AF,1656032316
castro,-24.7911,-50.0119,57.96,87,96,4.23,BR,1656032317
hasaki,35.7333,140.8333,86.4,81,99,21.74,JP,1656032318
esperance,-33.8667,121.9,59.9,62,49,7.99,AU,1656032242
hermanus,-34.4187,19.2345,56.52,71,10,8.88,ZA,1656032320
ketchikan,55.3422,-131.6461,59.23,66,97,2.73,US,1656032321
togur,58.3631,82.8265,62.24,79,4,7.09,RU,1656032322
guerrero negro,27.9769,-114.0611,72.95,66,4,20.96,MX,1656032323
morro bay,35.3658,-120.8499,85.93,50,33,5.01,US,1656032327
shitanjing,39.2342,106.3439,80.33,27,1,3.53,CN,1656032328
along,28.1667,94.7667,75.33,100,100,1.1,IN,1656032329
namibe,-15.1961,12.1522,64.45,61,0,6.8,AO,1656032330
kapuskasing,49.4169,-82.4331,77.0,47,75,14.97,CA,1656032332
kavieng,-2.5744,150.7967,82.81,73,81,12.26,PG,1656032333
coihaique,-45.5752,-72.0662,27.21,93,0,3.44,CL,1656032334
astoria,46.1879,-123.8313,64.6,70,15,4.0,US,1656032336
limoges,45.75,1.3333,61.36,94,75,5.75,FR,1656032338
thyboron,56.6985,8.2124,56.17,88,0,10.09,DK,1656032339
hilo,19.7297,-155.09,82.27,92,49,1.99,US,1656032255
maragogi,-9.0122,-35.2225,75.38,89,5,11.59,BR,1656032341
santa isabel do rio negro,-0.4139,-65.0192,72.64,98,100,2.66,BR,1656032343
kurilsk,45.2333,147.8833,50.95,92,100,14.56,RU,1656032344
krasnoarmeysk,51.0239,45.6969,62.13,98,100,7.54,RU,1656032345
atuona,-9.8,-139.0333,77.29,75,12,11.97,PF,1656032208
tuktoyaktuk,69.4541,-133.0374,51.8,62,75,12.66,CA,1656032347
berdigestyakh,62.0989,126.6992,74.95,39,2,10.47,RU,1656032348
pevek,69.7008,170.3133,33.31,94,100,11.68,RU,1656032194
that phanom,16.9364,104.7104,78.82,75,91,3.74,TH,1656032350
victoria,22.2855,114.1577,88.25,82,48,4.0,HK,1656032207
kokkola,63.8385,23.1307,57.92,93,0,5.75,FI,1656032352
palmer,42.1584,-72.3287,66.51,74,95,3.53,US,1656032353
lebu,-37.6167,-73.65,49.37,93,100,9.33,CL,1656032355
surt,31.2089,16.5887,76.32,67,0,5.93,LY,1656032109
bodden town,19.2833,-81.25,84.0,76,20,2.3,KY,1656032356
russellville,35.2784,-93.1338,72.88,90,100,3.71,US,1656032358
te anau,-45.4167,167.7167,49.78,79,50,2.51,NZ,1656032360
jieshi,22.8134,115.8257,83.25,75,100,1.86,CN,1656032361
kavaratti,10.5669,72.642,82.47,79,100,22.08,IN,1656032362
matara,5.9485,80.5353,77.85,89,100,10.2,LK,1656032363
new norfolk,-42.7826,147.0587,53.71,75,14,4.0,AU,1656032365
petropavlovsk-kamchatskiy,53.0452,158.6483,66.79,52,0,11.18,RU,1656032366
ndele,8.4109,20.6473,66.78,95,100,6.46,CF,1656032367
calabar,4.9517,8.322,73.44,97,100,2.13,NG,1656032369
saint-joseph,-21.3667,55.6167,64.78,73,66,13.47,RE,1656032370
belyy yar,53.6039,91.3903,66.85,82,0,4.47,RU,1656032371
adre,13.4667,22.2,84.15,25,11,6.35,TD,1656032372
shakhtinsk,49.71,72.5872,74.01,46,18,3.49,KZ,1656032373
martapura,-3.4167,114.85,77.09,94,20,2.3,ID,1656032374
luderitz,-26.6481,15.1594,56.17,75,0,21.32,NA,1656032375
toowoomba,-27.55,151.9667,59.25,43,0,3.0,AU,1656032376
santa teresita,13.8664,120.9814,83.46,70,67,7.63,PH,1656032377
khovu-aksy,51.1333,93.6,66.6,67,99,3.67,RU,1656032379
tak,16.5833,98.8333,74.79,80,100,1.54,TH,1656032380
mataura,-46.1927,168.8643,49.48,62,18,3.6,NZ,1656032381
jardim,-21.4803,-56.1381,68.2,59,4,0.89,BR,1656032382
tabatinga,-4.2525,-69.9381,77.09,94,40,0.0,BR,1656032383
tiksi,71.6872,128.8694,39.0,47,0,10.58,RU,1656032384
mar del plata,-38.0023,-57.5575,47.08,71,87,0.0,AR,1656032323
butaritari,3.0707,172.7902,81.14,79,100,15.37,KI,1656032386
roald,62.5833,6.1333,60.17,100,100,2.3,NO,1656032387
taltal,-25.4,-70.4833,57.92,62,15,4.14,CL,1656032388
northam,51.0333,-4.2167,61.39,94,95,5.17,GB,1656032389
port elizabeth,-33.918,25.5701,58.32,99,75,12.66,ZA,1656032390
terrace bay,48.7834,-87.1,52.57,95,73,6.67,CA,1656032391
verkhoyansk,67.5447,133.385,56.14,40,19,5.93,RU,1656032392
saint-pierre,-21.3393,55.4781,65.88,72,75,8.05,RE,1656032393
codrington,-38.2667,141.9667,54.09,76,100,11.34,AU,1656032394
nome,64.5011,-165.4064,48.06,77,100,13.15,US,1656032395
itacare,-14.2775,-38.9967,72.95,88,18,5.68,BR,1656032396
mazamari,-11.3258,-74.5308,70.0,79,43,1.88,PE,1656032397
la ronge,55.1001,-105.2842,50.22,93,100,11.5,CA,1656032366
san jose,37.3394,-121.895,95.68,37,20,11.01,US,1656032345
gat,31.61,34.7642,77.4,81,0,3.02,IL,1656032400
kenai,60.5544,-151.2583,77.02,72,100,9.4,US,1656032404
saint-philippe,-21.3585,55.7679,65.79,73,88,12.77,RE,1656032405
arraial do cabo,-22.9661,-42.0278,69.96,84,0,16.87,BR,1656032407
kahului,20.8947,-156.47,80.83,76,48,11.01,US,1656032213
kozelsk,54.0375,35.7716,51.91,91,3,5.88,RU,1656032412
taksimo,56.3444,114.8794,57.74,97,100,2.48,RU,1656032416
obo,5.3998,26.4869,66.61,99,95,2.93,CF,1656032418
sayyan,15.1718,44.3244,65.79,52,100,2.26,YE,1656032420
urdoma,61.7533,48.5442,54.07,72,100,4.7,RU,1656032421
nishihara,26.1842,127.7558,87.08,84,20,14.97,JP,1656032423
moerai,-22.4333,-151.3333,74.52,69,100,20.33,PF,1656032427
qaqortoq,60.7167,-46.0333,39.22,85,100,6.71,GL,1656032428
leh,34.1667,77.5833,49.69,55,89,2.01,IN,1656032366
port blair,11.6667,92.75,78.76,85,100,8.72,IN,1656032430
saltillo,25.4167,-101.0,76.17,35,33,10.71,MX,1656032408
tabas,33.5959,56.9244,87.82,9,0,8.16,IR,1656032432
katsuura,35.1333,140.3,78.82,83,68,23.29,JP,1656032433
matay,28.419,30.7792,80.04,43,0,11.1,EG,1656032434
tilichiki,60.4667,166.1,49.39,81,100,7.72,RU,1656032435
haines junction,60.7522,-137.5108,69.94,41,100,1.21,CA,1656032436
srednekolymsk,67.45,153.6833,52.43,41,99,10.29,RU,1656032437
tuatapere,-46.1333,167.6833,52.65,71,13,7.18,NZ,1656032438
havre-saint-pierre,50.2334,-63.5986,54.18,86,100,3.91,CA,1656032439
cherskiy,68.75,161.3,50.92,49,68,13.51,RU,1656032440
kalmunai,7.4167,81.8167,79.65,77,54,5.23,LK,1656032441
mago,53.2514,140.1822,69.24,72,89,1.7,RU,1656032442
chokurdakh,70.6333,147.9167,41.07,40,100,17.67,RU,1656032443
bambanglipuro,-7.95,110.2833,80.24,80,65,12.35,ID,1656032444
isiolo,0.3546,37.5822,63.63,77,100,10.96,KE,1656032446
yar-sale,66.8333,70.8333,63.5,68,8,5.28,RU,1656032447
suntar,62.1444,117.6319,81.12,41,100,0.6,RU,1656032448
upernavik,72.7868,-56.1549,34.81,85,100,4.52,GL,1656032449
whitecourt,54.1502,-115.6855,52.84,93,100,11.5,CA,1656032439
kaitangata,-46.2817,169.8464,48.29,58,0,3.31,NZ,1656032451
hammerfest,70.6634,23.6821,48.65,81,75,11.5,NO,1656032452
faanui,-16.4833,-151.75,79.12,66,36,4.03,PF,1656032454
magadan,59.5667,150.8,48.67,87,96,5.73,RU,1656032455
puerto escondido,15.85,-97.0667,79.59,82,100,3.78,MX,1656032265
provideniya,64.3833,-173.3,41.36,100,100,13.42,RU,1656032457
teterow,53.7833,12.5667,59.16,89,0,8.32,DE,1656032458
grand gaube,-20.0064,57.6608,67.37,59,2,5.01,MU,1656032459
cap malheureux,-19.9842,57.6142,67.46,59,0,5.01,MU,1656032460
baykit,61.67,96.37,64.44,62,100,6.11,RU,1656032461
jati,24.3539,68.2671,84.99,68,90,14.99,PK,1656032463
yuanping,38.7153,112.7575,82.65,24,0,2.71,CN,1656032464
dubti,11.7361,41.0853,90.61,36,100,3.31,ET,1656032465
mityana,0.4175,32.0228,65.01,80,100,0.87,UG,1656032468
bambous virieux,-20.3428,57.7575,67.21,57,88,20.15,MU,1656032469
port lincoln,-34.7333,135.8667,58.51,70,100,11.03,AU,1656032413
seydi,39.4816,62.9137,85.48,25,85,9.46,TM,1656032471
khorixas,-20.3667,14.9667,51.3,26,0,3.38,NA,1656032473
la sarre,48.8002,-79.1996,63.95,69,20,5.88,CA,1656032475
aksu,41.1231,80.2644,79.86,27,100,4.85,CN,1656032477
meulaboh,4.1363,96.1285,74.89,83,100,4.29,ID,1656032478
san cristobal,7.7669,-72.225,66.85,96,63,3.53,VE,1656032479
constitucion,-35.3333,-72.4167,54.27,91,100,11.14,CL,1656032480
ancud,-41.8697,-73.8203,38.23,78,6,8.34,CL,1656032482
poum,-20.2333,164.0167,74.28,69,100,7.81,NC,1656032483
tomohon,1.3346,124.8392,77.94,64,10,2.08,ID,1656032484
santa branca,-23.3967,-45.8839,60.48,67,0,1.14,BR,1656032485
rtishchevo,52.2604,43.7874,57.81,93,98,11.07,RU,1656032486
antalaha,-14.9003,50.2788,69.66,81,93,10.67,MG,1656032487
komsomolskiy,40.4272,71.7189,70.52,60,0,4.61,UZ,1656032488
plouzane,48.3833,-4.6167,59.18,97,75,8.05,FR,1656032489
miraflores,19.2167,-98.8083,69.87,62,100,3.33,MX,1656032491
scottsbluff,41.8666,-103.6672,88.79,15,90,4.0,US,1656032410
chicama,-7.8447,-79.1469,63.01,81,15,5.86,PE,1656032493
iqaluit,63.7506,-68.5145,38.93,93,100,5.75,CA,1656032494
kiruna,67.8557,20.2251,45.52,66,100,9.22,SE,1656032495
daru,-9.0763,143.2092,78.96,88,66,18.28,PG,1656032496
zhezkazgan,47.8043,67.7144,79.61,36,6,5.35,KZ,1656032497
mahebourg,-20.4081,57.7,67.24,57,73,20.36,MU,1656032498
tasiilaq,65.6145,-37.6368,42.96,75,30,3.67,GL,1656032500
buloh kasap,2.5536,102.764,77.34,91,100,2.08,MY,1656032501
price,39.5994,-110.8107,62.82,67,100,6.89,US,1656032409
aykhal,66.0,111.5,78.06,37,94,7.63,RU,1656032503
khasan,42.4308,130.6434,68.02,83,38,5.99,RU,1656032504
halifax,44.6453,-63.5724,63.52,93,75,3.44,CA,1656032449
snasa,64.2457,12.3778,53.89,96,100,3.85,NO,1656032506
ipora,-16.4419,-51.1178,68.36,41,100,3.96,BR,1656032507
padang,-0.9492,100.3543,75.25,82,64,2.55,ID,1656032429
contamana,-7.3333,-75.0167,74.57,86,91,1.43,PE,1656032508
udachnyy,66.4167,112.4,77.0,45,81,9.98,RU,1656032509
portland,45.5234,-122.6762,78.15,41,0,8.05,US,1656032484
nouadhibou,20.931,-17.0347,70.14,76,5,24.18,MR,1656032511
takoradi,4.8845,-1.7554,74.93,91,78,5.59,GH,1656032512
abalak,58.1286,68.5944,61.75,89,95,4.5,RU,1656032513
olafsvik,64.8945,-23.7142,43.36,72,98,19.82,IS,1656032514
sola,-13.8833,167.55,80.26,77,100,13.38,VU,1656032479
marsh harbour,26.5412,-77.0636,79.47,63,100,3.42,BS,1656032516
mizan teferi,6.9833,35.5833,58.93,96,95,2.77,ET,1656032517
languyan,5.2618,120.0807,83.16,80,88,5.39,PH,1656032519
nago,26.5881,127.9761,84.7,79,0,12.71,JP,1656032520
conceicao do araguaia,-8.2578,-49.2647,77.5,45,72,2.84,BR,1656032484
koath,25.3167,84.2667,89.71,53,74,4.27,IN,1656032524
smithers,54.7804,-127.1743,61.95,51,95,4.56,CA,1656032414
verkhnyaya toyma,62.2349,44.9985,54.97,87,79,3.83,RU,1656032526
jizan,17.3333,42.6667,85.66,70,100,3.18,SA,1656032527
makakilo city,21.3469,-158.0858,82.56,57,75,11.5,US,1656032529
verkhnevilyuysk,63.4453,120.3167,72.32,46,3,6.98,RU,1656032530
coquimbo,-29.9533,-71.3436,58.41,75,100,1.25,CL,1656032531
pangai,-19.8,-174.35,75.63,62,66,15.55,TO,1656032534
paamiut,61.994,-49.6678,37.49,87,100,5.23,GL,1656032536
dillon,34.4166,-79.3712,84.54,56,96,9.51,US,1656032538
sinop,41.7711,34.8709,55.96,78,100,4.81,TR,1656032539
roblin,51.23,-101.3565,67.59,88,2,11.5,CA,1656032540
bata,1.8639,9.7658,74.21,88,82,8.46,GQ,1656032542
eastlake,41.6539,-81.4504,72.82,68,0,4.61,US,1656032544
bilibino,68.0546,166.4372,40.78,96,100,2.64,RU,1656032545
bayir,37.2687,28.2167,68.52,53,77,2.53,TR,1656032547
severnyy,50.677,36.5532,62.64,94,75,8.95,RU,1656032548
talcahuano,-36.7167,-73.1167,52.21,94,97,13.91,CL,1656032549
otavalo,0.2333,-78.2667,51.42,92,68,4.63,EC,1656032550
conde,-7.2597,-34.9075,73.22,91,15,7.58,BR,1656032551
esil,51.9556,66.4042,73.08,65,42,1.34,KZ,1656032552
yelizavetinskoye,45.0072,43.3494,56.21,88,63,3.04,RU,1656032553
lakes entrance,-37.8811,147.981,62.17,59,64,11.3,AU,1656032555
shelburne,44.0787,-80.2041,56.53,86,0,7.14,CA,1656032557
timra,62.487,17.3257,55.08,88,40,3.44,SE,1656032558
samana,19.2056,-69.3369,78.04,86,100,6.58,DO,1656032559
hodkovice nad mohelkou,50.6659,15.0899,63.14,80,0,5.59,CZ,1656032560
putyatino,54.16,41.1169,52.81,93,95,6.91,RU,1656032561
dombas,62.0696,9.1235,51.76,81,14,3.42,NO,1656032562
bay roberts,47.5999,-53.2648,65.95,95,98,1.01,CA,1656032563
pisco,-13.7,-76.2167,62.02,86,11,0.63,PE,1656032564
minot,48.2325,-101.2963,87.8,50,2,6.64,US,1656032289
yerofey pavlovich,53.9667,121.9667,68.72,64,100,6.17,RU,1656032566
itarema,-2.9248,-39.9167,75.88,87,95,10.51,BR,1656032567
dikson,73.5069,80.5464,33.4,96,52,15.43,RU,1656032568
vallenar,-28.5708,-70.7581,56.12,64,100,2.37,CL,1656032569
pangnirtung,66.1451,-65.7125,49.86,61,100,1.79,CA,1656032570
aripuana,-9.1667,-60.6333,76.15,60,69,2.17,BR,1656032571
de-kastri,51.4667,140.7833,52.95,95,100,5.84,RU,1656032572
akdepe,42.0551,59.3788,86.02,24,0,7.2,TM,1656032573
matagami,49.7502,-77.6328,66.45,60,90,7.96,CA,1656032574
lagoa,39.05,-27.9833,63.95,90,7,12.01,PT,1656032575
husavik,66.0449,-17.3389,39.45,98,100,15.79,IS,1656032576
morehead,37.2711,-87.1764,78.94,60,0,0.0,US,1656032577
hay river,60.8156,-115.7999,63.84,34,35,5.32,CA,1656032578
bhusawal,21.05,75.7667,82.27,71,100,5.53,IN,1656032579
byron bay,-28.65,153.6167,68.7,56,0,2.19,AU,1656032580
koumac,-20.5667,164.2833,75.0,68,100,4.72,NC,1656032582
sao joao da barra,-21.6403,-41.0511,71.8,93,1,13.76,BR,1656032583
monterey,36.2505,-121.2516,89.19,21,0,14.5,US,1656032463
fredericton,45.9454,-66.6656,56.95,82,100,2.93,CA,1656032407
kitami,43.8031,143.8908,64.11,94,100,13.42,JP,1656032587
acari,-15.4311,-74.6158,66.31,67,92,2.91,PE,1656032588
agadez,19.75,10.25,88.27,11,10,10.02,NE,1656032589
goure,13.9835,10.2704,82.02,39,100,10.33,NE,1656032591
ginir,7.1333,40.7,54.91,91,71,5.99,ET,1656032592
mozarlandia,-14.7447,-50.5706,74.32,42,24,3.4,BR,1656032593
siwana,25.6333,72.4167,88.97,36,0,2.55,IN,1656032595
hoopstad,-27.8327,25.9083,44.82,88,1,3.04,ZA,1656032596
urubicha,-15.3833,-62.95,70.93,57,81,2.95,BO,1656032598
dingle,10.9995,122.6711,83.88,76,100,3.49,PH,1656032600
yerbogachen,61.2767,108.0108,74.61,42,12,5.93,RU,1656032602
alofi,-19.0595,-169.9187,78.69,53,40,16.11,NU,1656032603
tura,25.5198,90.2201,75.79,91,100,5.41,IN,1656032605
kingaroy,-26.5333,151.8333,64.56,40,0,3.89,AU,1656032606
coruripe,-10.1256,-36.1756,74.62,89,11,12.75,BR,1656032555
arman,59.7,150.1667,49.26,85,99,6.42,RU,1656032608
lavrentiya,65.5833,-171.0,43.92,86,100,18.84,RU,1656032609
staunton,38.1496,-79.0717,72.66,64,0,6.91,US,1656032610
tucumcari,35.1717,-103.725,93.04,18,0,16.11,US,1656032611
richards bay,-28.783,32.0377,61.41,80,0,6.8,ZA,1656032613
guiglo,6.5456,-7.4966,70.65,100,100,0.89,CI,1656032614
shumskiy,54.8318,99.1328,66.45,86,92,3.51,RU,1656032615
aklavik,68.2191,-135.0107,71.89,33,94,8.28,CA,1656032616
meihekou,42.5272,125.6753,69.03,78,50,11.36,CN,1656032617
arnedo,42.2167,-2.1,60.3,63,100,4.92,ES,1656032618
opuwo,-18.0607,13.84,49.3,23,0,3.04,NA,1656032619
margherita,27.2833,95.6833,75.49,99,100,0.02,IN,1656032621
corner brook,48.9667,-57.9484,63.25,94,100,1.81,CA,1656032622
cradock,-32.1642,25.6192,49.69,76,75,3.83,ZA,1656032623
bogande,12.9714,-0.1436,85.68,50,0,7.58,BF,1656032624
nicolas bravo,18.45,-88.9167,74.71,92,71,4.36,MX,1656032625
pangody,65.85,74.4859,73.22,52,4,6.91,RU,1656032626
juanacatlan,20.5167,-103.1667,77.22,49,100,6.91,MX,1656032627
sao filipe,14.8961,-24.4956,76.68,84,100,12.71,CV,1656032628
sokoni,-6.4333,39.55,77.22,72,6,17.18,TZ,1656032629
tanggu,39.0211,117.6469,87.76,27,0,14.61,CN,1656032630
xiuyan,40.2928,123.2744,77.99,60,4,10.31,CN,1656032631
katastarion,37.8333,20.7667,69.69,67,84,1.05,GR,1656032632
mahibadhoo,3.7833,72.9667,83.37,73,100,15.82,MV,1656032635
ravar,31.2656,56.8055,84.43,10,0,7.36,IR,1656032636
marawi,7.9986,124.2928,79.2,68,88,0.83,PH,1656032637
mukhen,48.1,136.1,61.45,97,100,5.28,RU,1656032638
la tuque,47.4334,-72.7824,57.33,99,100,4.94,CA,1656032639
naze,28.3667,129.4833,81.0,80,0,15.5,JP,1656032640
hami,42.8,93.45,94.39,7,100,9.08,CN,1656032642
kaeo,-35.1,173.7833,62.33,82,100,13.47,NZ,1656032644
caravelas,-17.7125,-39.2481,71.76,91,100,5.08,BR,1656032645
chernyshevskiy,63.0128,112.4714,79.5,32,49,3.6,RU,1656032646
abilene,32.4487,-99.7331,97.88,27,8,1.99,US,1656032349
marfino,55.7028,37.3822,55.65,71,0,4.47,RU,1656032648
sri aman,1.2376,111.4621,76.59,86,100,2.15,MY,1656032650
gornopravdinsk,60.05,69.9,63.18,91,100,5.55,RU,1656032651
rognan,67.0953,15.3878,50.14,82,100,5.28,NO,1656032652
bac lieu,9.285,105.7244,83.8,73,88,6.15,VN,1656032653
manchester,53.4809,-2.2374,65.32,79,50,1.14,GB,1656032567
bandarbeyla,9.4942,50.8122,78.06,73,100,24.05,SO,1656032655
fengzhen,40.4394,113.1536,74.73,27,0,11.52,CN,1656032656
mecca,21.4267,39.8261,87.08,32,79,5.41,SA,1656032469
pushkino,56.0172,37.8667,55.69,83,85,5.14,RU,1656032658
kajaani,64.2273,27.7285,55.45,94,0,8.05,FI,1656032659
zaraza,9.3503,-65.3245,77.92,73,48,4.32,VE,1656032660
bereda,43.2686,-7.5406,55.15,100,78,4.41,ES,1656032661
chapais,49.7834,-74.8492,62.65,51,100,4.54,CA,1656032662
iranshahr,27.2025,60.6848,84.92,59,4,2.51,IR,1656032663
kirakira,-10.4544,161.9205,84.31,70,100,8.41,SB,1656032665
rio verde de mato grosso,-18.9181,-54.8442,72.84,47,91,2.24,BR,1656032666
kindu,-2.95,25.95,67.86,73,23,2.24,CD,1656032667
puerto madero,14.7208,-92.4215,80.8,78,100,0.0,MX,1656032668
ojinaga,29.5667,-104.4167,100.58,23,0,9.22,MX,1656032402
grass valley,39.2191,-121.0611,92.66,26,0,4.61,US,1656032402
tadine,-21.55,167.8833,74.08,73,100,6.93,NC,1656032671
las palmas,28.4204,-14.0131,66.99,73,0,13.8,ES,1656032672
mackay,-21.15,149.2,74.68,74,98,13.56,AU,1656032673
wattegama,6.7989,81.4808,76.08,81,100,4.88,LK,1656032674
kununurra,-15.7667,128.7333,76.98,29,62,12.66,AU,1656032675
ngorongoro,-3.2397,35.4875,44.2,94,100,5.93,TZ,1656032676
andra,62.5147,65.8878,58.75,83,100,8.41,RU,1656032677
kodinsk,58.6881,99.1844,66.04,47,34,12.12,RU,1656032678
bukachacha,52.9833,116.9167,61.65,89,100,3.89,RU,1656032679
szekkutas,46.5,20.5333,59.0,45,0,6.38,HU,1656032680
aneho,6.2333,1.6,76.93,90,82,7.54,TG,1656032681
qujing,25.4833,103.7833,64.9,84,100,6.31,CN,1656032428
ekuvukeni,-28.4675,30.1551,47.66,72,0,3.31,ZA,1656032683
moron,-34.6534,-58.6198,48.09,86,57,3.49,AR,1656032684
pastos bons,-6.6017,-44.0767,74.44,65,18,3.8,BR,1656032685
krasnoselkup,65.7,82.4667,72.88,53,100,7.14,RU,1656032687
guanica,17.9716,-66.908,82.98,86,100,6.6,PR,1656032688
tynda,55.1667,124.7167,71.64,59,31,4.41,RU,1656032689
san antonio del tequendama,4.6189,-74.3539,65.1,84,75,5.7,CO,1656032690
marica,-22.9194,-42.8186,75.11,72,0,5.14,BR,1656032691
mpongwe,-13.5091,28.155,49.42,74,0,5.23,ZM,1656032692
san julian,21.0167,-102.1667,72.01,36,100,11.65,MX,1656032694
achit,56.7985,57.8994,50.72,94,9,3.47,RU,1656032695
catio,11.2833,-15.25,78.98,83,99,6.17,GW,1656032696
anadyr,64.75,177.4833,59.5,63,40,22.37,RU,1656032697
tibiri,13.5627,7.0485,89.69,37,87,11.3,NE,1656032698
necochea,-38.5473,-58.7368,41.02,80,98,2.84,AR,1656032699
srostki,52.4189,85.7022,65.21,81,19,7.11,RU,1656032701
korla,41.7597,86.1469,90.95,13,100,5.61,CN,1656032702
lerwick,60.1545,-1.1494,53.6,91,0,7.02,GB,1656032704
flagstaff,35.1981,-111.6513,70.32,50,20,4.61,US,1656032705
uige,-7.6087,15.0613,63.25,91,11,1.88,AO,1656032706
benjamin constant,-4.3831,-70.0311,75.33,89,100,1.66,BR,1656032708
kuching,1.55,110.3333,77.22,94,20,2.3,MY,1656032709
narsaq,60.9167,-46.05,52.02,81,100,5.19,GL,1656032711
tongren,27.7172,109.1853,82.08,84,100,5.41,CN,1656032713
lorengau,-2.0226,147.2712,83.41,75,80,10.07,PG,1656032715
black river,18.0264,-77.8487,79.36,83,99,4.12,JM,1656032716
kerouane,9.2667,-9.0167,69.55,95,100,2.89,GN,1656032718
bonga,7.2833,36.2333,56.88,99,99,1.12,ET,1656032719
okhotsk,59.3833,143.3,49.19,88,100,7.11,RU,1656032720
srivardhan,18.0333,73.0167,78.48,88,100,7.63,IN,1656032721
qidong,31.8128,121.6561,81.93,91,100,20.36,CN,1656032722
kalemie,-5.9475,29.1947,67.3,69,73,1.59,CD,1656032723
sosva,59.1766,61.8558,53.92,79,42,8.9,RU,1656032724
kuytun,54.3419,101.5036,64.02,66,84,5.88,RU,1656032726
bima,-8.4667,118.7167,82.81,71,77,5.84,ID,1656032727
misantla,19.9333,-96.8333,72.93,91,100,1.32,MX,1656032728
jiaonan,35.8786,119.9753,83.21,56,0,6.55,CN,1656032729
goderich,43.7501,-81.7165,60.91,72,0,3.78,CA,1656032730
nizwa,22.9333,57.5333,80.13,73,48,2.37,OM,1656032657
binzhou,37.3667,118.0167,90.59,33,0,10.22,CN,1656032734
freetown,8.484,-13.2299,76.82,86,100,5.82,SL,1656032735
ambilobe,-13.2,49.05,60.8,70,47,4.61,MG,1656032736
klyuchi,52.2667,79.1667,69.78,58,10,4.94,RU,1656032737
mbaiki,3.8678,17.9892,68.65,99,99,2.28,CF,1656032738
salalah,17.0151,54.0924,80.69,89,75,8.05,OM,1656032739
baraboo,43.4711,-89.7443,84.34,50,0,4.61,US,1656032740
catamarca,-28.4696,-65.7852,49.77,58,0,4.0,AR,1656032742
maine-soroa,13.2114,12.0241,81.43,57,46,12.1,NE,1656032743
copiapo,-27.3667,-70.3333,49.69,65,25,1.16,CL,1656032744
eyl,7.9803,49.8164,78.06,67,42,20.85,SO,1656032746
bathsheba,13.2167,-59.5167,80.38,75,97,13.56,BB,1656032469
noumea,-22.2763,166.4572,76.98,99,100,4.65,NC,1656032550
kutahya,39.4242,29.9833,61.38,72,96,3.49,TR,1656032748
fort nelson,58.8053,-122.7002,64.09,63,88,5.77,CA,1656032749
kijang,35.2442,129.2139,72.21,95,100,16.13,KR,1656032751
port hardy,50.6996,-127.4199,56.12,75,0,13.69,CA,1656032752
verkhnyaya inta,65.9811,60.3094,45.82,99,100,7.23,RU,1656032753
nuuk,64.1835,-51.7216,43.88,93,75,9.22,GL,1656032467
mandalgovi,45.7625,106.2708,74.95,28,86,12.73,MN,1656032754
la libertad,-2.2333,-80.9,68.79,84,100,12.37,EC,1656032756
laguna,38.421,-121.4238,101.75,23,0,10.36,US,1656032757
tacuarembo,-31.7333,-55.9833,48.78,93,100,7.4,UY,1656032758
kamenka,51.3223,42.7678,61.2,97,100,8.59,RU,1656032759
strezhevoy,60.7333,77.5889,66.22,68,83,3.44,RU,1656032760
rio grande,-32.035,-52.0986,53.94,89,100,7.27,BR,1656032761
florida,28.7505,-82.5001,85.98,86,0,3.44,US,1656032745
henderson,36.0397,-114.9819,102.22,15,0,13.8,US,1656032529
teya,60.3778,92.6267,57.16,96,100,5.97,RU,1656032765
pedernales,18.0384,-71.744,80.64,78,82,4.79,DO,1656032766
varna,43.2167,27.9167,64.24,80,29,8.05,BG,1656032707
kruisfontein,-34.0033,24.7314,54.88,91,99,11.23,ZA,1656032768
yatou,37.15,122.3833,84.24,45,0,13.65,CN,1656032769
sergeyevka,53.88,67.4158,67.32,86,27,5.1,KZ,1656032770
tupik,54.4253,119.9327,61.27,87,100,4.83,RU,1656032772
clyde river,70.4692,-68.5914,37.63,75,0,16.11,CA,1656032604
lieto,60.5103,22.4618,59.97,95,20,3.44,FI,1656032774
clarence town,-32.5833,151.7833,62.98,53,98,12.03,AU,1656032775
rosarito,32.3333,-117.0333,94.41,50,0,11.5,MX,1656032777
cayenne,4.9333,-52.3333,77.09,1,75,0.0,GF,1656032623
heinola,61.2056,26.0381,54.0,93,7,4.0,FI,1656032781
ayan,56.45,138.1667,48.69,93,93,8.81,RU,1656032782
henties bay,-22.116,14.2845,54.75,85,0,1.16,NA,1656032783
quatre cocos,-20.2078,57.7625,67.08,59,70,19.55,MU,1656032784
umarga,17.8333,76.6167,75.43,81,100,13.27,IN,1656032785
nyuksenitsa,60.4128,44.2397,53.28,78,100,3.65,RU,1656032786
finnsnes,69.2296,17.9811,50.61,90,100,8.37,NO,1656032787
buffalo,42.8865,-78.8784,69.91,77,20,8.05,US,1656032715
guiyang,26.5833,106.7167,74.37,80,99,12.41,CN,1656032789
beloha,-25.1667,45.05,57.58,69,0,9.15,MG,1656032791
boysun,38.2061,67.1986,73.42,27,0,6.71,UZ,1656032792
orje,59.4802,11.6602,57.36,89,70,6.91,NO,1656032793
sandy bay,-42.913,147.3532,53.29,62,20,19.57,AU,1656032794
druzhba,52.0428,33.9453,55.78,85,26,11.32,UA,1656032795
killybegs,54.6333,-8.45,56.19,90,100,5.32,IE,1656032796
sistranda,63.7256,8.834,55.36,93,100,9.95,NO,1656032797
morristown,36.214,-83.2949,83.5,54,0,4.61,US,1656032798
teguldet,57.3064,88.1667,60.71,89,58,6.02,RU,1656032799
winslow,35.0242,-110.6974,78.98,31,75,9.22,US,1656032800
mudon,16.2578,97.7164,78.69,84,100,3.33,MM,1656032801
beringovskiy,63.05,179.3167,46.15,85,96,14.18,RU,1656032802
sorland,67.667,12.6934,48.06,85,93,19.93,NO,1656032803
isoka,-10.1606,32.6335,49.6,94,0,1.77,ZM,1656032804
merauke,-8.4667,140.3333,80.53,80,68,16.71,ID,1656032635
nizhnyaya omka,55.4338,74.9426,63.55,89,5,6.78,RU,1656032806
garowe,8.4054,48.4845,73.24,70,83,23.4,SO,1656032807
xiongzhou,25.1167,114.3,83.53,74,100,5.57,CN,1656032808
vila velha,-20.3297,-40.2925,73.35,92,20,3.44,BR,1656032809
sao miguel do araguaia,-13.275,-50.1628,74.34,41,0,2.75,BR,1656032812
salinopolis,-0.6136,-47.3561,77.23,88,100,10.09,BR,1656032814
grindavik,63.8424,-22.4338,43.63,75,41,27.45,IS,1656032815
guarapari,-20.6667,-40.4975,71.89,94,4,8.16,BR,1656032816
belaya gora,68.5333,146.4167,46.29,30,96,8.19,RU,1656032817
kiunga,-6.1219,141.2906,78.48,95,84,3.13,PG,1656032818
ust-abakan,53.8525,91.3742,66.88,82,0,4.47,RU,1656032819
saint-georges,12.0564,-61.7485,79.18,78,11,13.22,GD,1656032820
isla mujeres,21.2311,-86.731,80.65,77,2,6.02,MX,1656032821
ewa beach,21.3156,-158.0072,85.95,55,75,16.11,US,1656032822
grenville,12.1167,-61.6167,80.28,77,12,15.5,GD,1656032823
bubaque,11.2833,-15.8333,81.52,77,100,13.18,GW,1656032825
providencia,28.7167,-111.5833,98.2,52,0,12.62,MX,1656032826
muli,2.9167,73.5667,82.78,72,100,12.73,MV,1656032827
poya,-21.35,165.15,74.55,70,100,4.0,NC,1656032828
muswellbrook,-32.2667,150.9,59.09,54,14,11.45,AU,1656032562
aswan,24.0934,32.907,82.78,21,0,8.77,EG,1656032830
ninghai,29.2892,121.4247,85.15,73,100,1.59,CN,1656032832
vardo,70.3705,31.1107,49.98,87,100,10.36,NO,1656032833
barberton,-25.7884,31.0532,50.81,93,3,4.0,ZA,1656032834
fairbanks,64.8378,-147.7164,68.59,51,75,11.5,US,1656032296
bontang,0.1333,117.5,78.51,87,100,3.65,ID,1656032836
valentin gomez farias,28.2167,-106.5833,83.95,25,46,13.69,MX,1656032837
oranjemund,-28.55,16.4333,52.93,80,4,10.36,NA,1656032838
canutama,-6.5339,-64.3831,74.88,65,4,2.08,BR,1656032839
miles city,46.4083,-105.8406,86.97,32,0,5.75,US,1656032840
aitape,-3.1374,142.3475,85.59,65,100,4.43,PG,1656032843
broome,42.2506,-75.833,66.85,84,100,4.61,US,1656032844
the valley,18.217,-63.0578,82.26,71,94,16.67,AI,1656032845
yulara,-25.2406,130.9889,62.78,28,0,3.89,AU,1656032846
nyurba,63.2842,118.3319,75.4,53,17,5.28,RU,1656032847
ukiah,39.1502,-123.2078,97.43,28,0,8.05,US,1656032766
baherden,38.4362,57.4316,79.99,46,0,3.36,TM,1656032849
phalombe,-15.8064,35.6507,54.72,94,13,2.82,MW,1656032850
fairlie,55.756,-4.8556,62.4,90,100,4.38,GB,1656032851
himare,40.1017,19.7447,79.09,55,8,3.74,AL,1656032852
sambava,-14.2667,50.1667,67.37,88,99,12.08,MG,1656032853
mopipi,-21.1833,24.8833,59.9,44,36,10.58,BW,1656032854
thunder bay,48.4001,-89.3168,63.37,98,100,5.1,CA,1656032855
nagato,34.3833,131.2,76.42,89,100,19.57,JP,1656032856
hohhot,40.8106,111.6522,76.1,27,0,4.16,CN,1656032857
lere,10.387,8.5726,69.08,90,100,2.48,NG,1656032858
vysokogornyy,50.1167,139.15,62.78,75,100,5.57,RU,1656032859
puerto del rosario,28.5004,-13.8627,69.55,73,0,13.8,ES,1656032860
westport,41.1415,-73.3579,68.56,90,0,3.44,US,1656032861
stockelsdorf,53.8905,10.6258,66.15,65,0,6.91,DE,1656032862
hamilton,39.1834,-84.5333,77.77,55,0,0.0,US,1656032824
asyut,27.181,31.1837,82.02,27,0,8.93,EG,1656032864
umm lajj,25.0213,37.2685,80.83,62,0,10.02,SA,1656032865
almaznyy,48.0448,40.045,54.27,84,97,6.62,RU,1656032866
hovd,48.0056,91.6419,79.68,21,75,5.61,MN,1656032867
vanino,49.0869,140.2543,52.75,99,100,1.36,RU,1656032868
dalby,-27.1833,151.2667,59.9,43,0,3.67,AU,1656032869
san juan,-31.5375,-68.5364,43.03,61,100,3.04,AR,1656032870
diego de almagro,-26.3667,-70.05,47.57,52,0,2.62,CL,1656032871
amposta,40.7131,0.581,79.23,43,61,12.8,ES,1656032872
ouidah,6.3631,2.0851,76.64,91,70,7.05,BJ,1656032873
mount isa,-20.7333,139.5,71.37,35,0,16.11,AU,1656032869
mpanda,-6.3655,31.0409,58.41,64,18,1.21,TZ,1656032875
oriximina,-1.7656,-55.8661,75.04,91,99,3.02,BR,1656032876
chelno-vershiny,54.4333,51.1,57.74,93,100,10.56,RU,1656032877
borazjan,29.2666,51.2159,91.24,24,6,4.25,IR,1656032878
evensk,61.95,159.2333,46.0,88,100,7.81,RU,1656032879
kaputa,-8.4689,29.6619,63.05,70,41,3.76,ZM,1656032880
klaksvik,62.2266,-6.589,49.12,96,100,6.15,FO,1656032881
kukmor,56.1855,50.8944,51.06,90,74,5.61,RU,1656032883
isangel,-19.55,169.2667,76.37,77,100,6.06,VU,1656032884
imbituba,-28.24,-48.6703,60.85,99,100,6.2,BR,1656032885
saint-augustin,51.226,-58.6502,53.1,80,10,12.35,CA,1656032886
luang prabang,19.8856,102.1347,76.42,96,100,0.36,LA,1656032887
aginskoye,51.1,114.53,67.05,55,0,9.64,RU,1656032888
nobres,-14.7203,-56.3275,75.49,48,92,2.19,BR,1656032889
scarborough,54.2797,-0.4044,61.34,88,99,5.14,GB,1656032890
ugoofaaru,5.6667,73.0,83.03,74,100,17.22,MV,1656032892
mossendjo,-2.9506,12.7261,64.54,96,7,2.66,CG,1656032893
chalus,36.655,51.4204,74.79,77,0,1.12,IR,1656032894
sisimiut,66.9395,-53.6735,38.48,84,100,5.41,GL,1656032896
kant,27.8,79.8,89.49,33,3,5.28,IN,1656032898
namatanai,-3.6667,152.4333,82.2,72,92,7.92,PG,1656032899
werda,-25.2667,23.2833,47.62,84,0,6.06,BW,1656032900
castletown,53.0281,-9.0686,57.69,95,100,4.85,IE,1656032901
acarau,-2.8856,-40.12,76.86,85,91,12.19,BR,1656032902
tshikapa,-6.4167,20.8,70.05,50,0,1.57,CD,1656032903
hambantota,6.1241,81.1185,75.54,100,40,6.91,LK,1656032904
visby,57.6409,18.296,59.22,94,8,9.22,SE,1656032905
beyneu,45.3167,55.2,84.27,28,0,10.49,KZ,1656032907
vanimo,-2.6741,141.3028,85.26,66,94,6.89,PG,1656032908
dakar,14.6937,-17.4441,79.68,83,100,12.88,SN,1656032909
poyarkovo,49.6,128.6833,69.13,85,100,9.51,RU,1656032910
manta,-0.95,-80.7333,71.38,83,100,11.5,EC,1656032911
sur,22.5667,59.5289,83.59,75,1,10.45,OM,1656032912
tornio,65.8481,24.1466,57.22,78,37,10.63,FI,1656032913
ghanzi,-21.5667,21.7833,48.07,52,5,9.31,BW,1656032914
macheng,31.1783,115.0319,81.7,87,92,6.89,CN,1656032915
greeneville,36.1632,-82.831,82.54,58,0,0.0,US,1656032916
hakkari,37.5833,44.1667,44.38,93,20,0.0,TR,1656032917
tatawin,32.9297,10.4518,77.76,37,0,1.3,TN,1656032919
sijunjung,-0.6876,100.9537,73.92,95,95,0.92,ID,1656032920
gornyak,50.9942,81.4661,70.05,60,2,6.02,RU,1656032921
obihiro,42.9172,143.2044,60.06,98,100,10.69,JP,1656032922
oistins,13.0667,-59.5333,80.69,78,20,14.97,BB,1656032795
choya,52.0108,86.5467,70.47,64,17,4.92,RU,1656032924
les cayes,18.2,-73.75,78.46,84,21,4.23,HT,1656032925
marsa matruh,31.3525,27.2453,75.43,78,0,10.56,EG,1656032926
tigil,57.8,158.6667,65.05,56,8,10.2,RU,1656032927
sakakah,29.9697,40.2064,81.25,23,0,2.66,SA,1656032928
point pedro,9.8167,80.2333,83.14,78,100,16.49,LK,1656032929
mareeba,-17.0,145.4333,71.65,77,14,9.78,AU,1656032931
bagdarin,54.4333,113.6,52.11,96,100,3.29,RU,1656032932
hualmay,-11.0964,-77.6139,62.76,79,9,9.33,PE,1656032933
camana,-16.6228,-72.7111,61.23,84,51,5.99,PE,1656032934
bud,39.447,-86.1758,82.42,54,0,5.23,US,1656032935
quartucciu,39.2519,9.1794,78.01,63,30,11.01,IT,1656032936
paita,-5.0892,-81.1144,64.22,83,40,15.9,PE,1656032937
semnan,35.5729,53.3971,74.93,33,0,7.23,IR,1656032939
bilma,18.6853,12.9164,91.45,11,100,17.18,NE,1656032940
vila franca do campo,37.7167,-25.4333,64.2,91,16,5.84,PT,1656032941
myitkyina,25.3833,97.4,75.36,97,100,0.43,MM,1656032942
seymchan,62.8833,152.4333,56.28,55,100,4.83,RU,1656032944
sandpoint,48.2766,-116.5533,72.43,26,0,6.91,US,1656032724
terre haute,39.4667,-87.4139,82.67,44,0,4.61,US,1656032750
jinchang,38.4953,102.1739,80.62,24,50,2.95,CN,1656032947
san policarpo,12.1791,125.5072,85.05,67,56,7.36,PH,1656032948
sol-iletsk,51.1631,54.9918,73.15,49,61,8.57,RU,1656032949
sekoma,-24.4,23.8833,51.24,56,89,9.28,BW,1656032950
komatipoort,-25.4332,31.9548,58.82,84,2,3.36,ZA,1656032951
la palma,33.8464,-118.0467,98.96,38,0,17.27,US,1656032810
horizontina,-27.6258,-54.3078,60.48,98,100,1.66,BR,1656032953
ust-koksa,50.2696,85.6108,67.17,63,8,1.39,RU,1656032955
najran,17.4924,44.1277,80.42,35,100,2.21,SA,1656032956
brazzaville,-4.2658,15.2832,74.26,69,1,0.65,CG,1656032957
cabedelo,-6.9811,-34.8339,75.87,87,9,10.69,BR,1656032958
flinders,-34.5833,150.8552,63.18,58,100,8.99,AU,1656032959
berlevag,70.8578,29.0864,49.8,81,100,9.22,NO,1656032960
hofn,64.2539,-15.2082,46.47,62,72,15.01,IS,1656032961
chimoio,-19.1164,33.4833,53.6,97,1,2.44,MZ,1656032962
kaltasy,55.9693,54.8032,51.98,90,100,5.91,RU,1656032963
jining,35.405,116.5814,95.9,34,0,12.5,CN,1656032964
shirpur,21.35,74.8833,82.71,70,81,7.31,IN,1656032965
veliko gradiste,44.7567,21.5136,59.14,93,0,2.89,RS,1656032967
huayucachi,-12.1333,-75.2333,50.18,79,87,3.87,PE,1656032968
gorontalo,0.5412,123.0595,83.8,74,19,1.43,ID,1656032969
decatur,39.8403,-88.9548,82.15,50,0,6.91,US,1656032766
mehamn,71.0357,27.8492,48.11,87,40,2.3,NO,1656032971
bairiki,1.3292,172.9752,86.0,70,40,9.22,KI,1656032974
